{"accuracy": 0.7435064935064936, "precision": 0.6503001715265866, "recall": 0.5833333333333334, "f1_score": 0.6136753766927332, "training_time": 25.05015468597412}